<?xml version="1.0" ?>
<manifest identifier="RusticiSoftwareSCORMDriverTemplate" version="1" xmlns="http://www.imsproject.org/xsd/imscp_rootv1p1p2" xmlns:adlcp="http://www.adlnet.org/xsd/adlcp_rootv1p2" xmlns:xsi="http://www.w3.org/2001/XMLSchema-instance" xsi:schemaLocation="http://www.imsproject.org/xsd/imscp_rootv1p1p2 imscp_rootv1p1p2.xsd
                           http://www.imsglobal.org/xsd/imsmd_rootv1p2p1 imsmd_rootv1p2p1.xsd
                           http://www.adlnet.org/xsd/adlcp_rootv1p2 adlcp_rootv1p2.xsd">
  <metadata>
    <schema>ADL SCORM</schema>
    <schemaversion>1.2</schemaversion>
    <adlcp:location>metadata.xml</adlcp:location>
  </metadata>
  <organizations default="B0">
    <organization identifier="B0">

      <!--****** Title ******-->
      <title>FR266 Template: Les pronoms relatifs</title>

      <item identifier="i1" identifierref="r1" isvisible="true">

        <!--****** Title ******-->

        <title>FR266 Template: Les pronoms relatifs</title>
        <adlcp:masteryscore>100</adlcp:masteryscore>
      </item>
    </organization>
  </organizations>
  <resources>
    <resource identifier="r1" type="webcontent" adlcp:scormtype="sco" href="scormdriver/indexAPI.html">
      <file href="scormdriver/indexAPI.html" />
      <file href="scormcontent/index.html" />
      <file href="scormdriver/auto-scripts/AutoBookmark.js" />
      <file href="scormdriver/auto-scripts/AutoCompleteSCO.js" />
      <file href="scormdriver/auto-scripts/CourseExit.js" />
      <file href="scormdriver/blank.html" />
      <file href="scormdriver/goodbye.html" />
      <file href="scormdriver/scormdriver.js" />
      <file href="scormdriver/browsersniff.js" />
      <file href="scormcontent/assets/62973f8398376d606c69164d-pronouns-.png" />
      <file href="scormcontent/assets/629741999756933d228f386aUntitled6.png" />
      <file href="scormcontent/assets/629754a598376d720569173d-Untitled-53520.png" />
      <file href="scormcontent/assets/629754b0b2c07bf04c97cdc0-Untitled-39848.png" />
      <file href="scormcontent/assets/629754c5b2c07b5c9c97cdc2-Untitled-56795.png" />
      <file href="scormcontent/assets/629754d498376d20fd69173f-Untitled-32999.png" />
      <file href="scormcontent/assets/62975511b2c07b0b3697cdc4-E-CD5LqCcko.png" />
      <file href="scormcontent/assets/6297671f98376d92a1691756Untitled6.png" />
      <file href="scormcontent/assets/62976ec4b2c07b64d797ce27-vC8wj_Kphak.png" />
      <file href="scormcontent/assets/62a988569756932ff68f813a-Zqy-x7K5Qcg.png" />
      <file href="scormcontent/data.js" />
      <file href="scormcontent/index.html" />
      <file href="scormcontent/static/css/base-theme.css" />
      <file href="scormcontent/static/css/course.external.css" />
      <file href="scormcontent/static/css/course.module.css" />
      <file href="scormcontent/static/css/course.vendor.css" />
      <file href="scormcontent/static/css/mixedassessment/1.22.19/MixedAssessment.css" />
      <file href="scormcontent/static/css/mixedassessment/1.24.3/MixedAssessment.css" />
      <file href="scormcontent/static/css/tabsacc/1.20.11/TabsAccordion.css" />
      <file href="scormcontent/static/js/course.external.js" />
      <file href="scormcontent/static/js/course.module.js" />
      <file href="scormcontent/static/js/course.vendor.js" />
      <file href="scormcontent/static/js/mixedassessment/1.22.19/MixedAssessment.js" />
      <file href="scormcontent/static/js/mixedassessment/1.24.3/MixedAssessment.js" />
      <file href="scormcontent/static/js/tabsacc/1.20.11/TabsAccordion.js" />
      <file href="scormcontent/static/web-fonts-with-css/css/all.min.css" />
      <file href="scormcontent/static/web-fonts-with-css/webfonts/fa-light-300.ttf" />
      <file href="scormcontent/static/web-fonts-with-css/webfonts/fa-light-300.woff" />
      <file href="scormcontent/static/web-fonts-with-css/webfonts/fa-light-300.woff2" />
      <file href="scormcontent/static/web-fonts-with-css/webfonts/fa-regular-400.ttf" />
      <file href="scormcontent/static/web-fonts-with-css/webfonts/fa-regular-400.woff" />
      <file href="scormcontent/static/web-fonts-with-css/webfonts/fa-regular-400.woff2" />
      <file href="scormcontent/static/web-fonts-with-css/webfonts/fa-solid-900.ttf" />
      <file href="scormcontent/static/web-fonts-with-css/webfonts/fa-solid-900.woff" />
      <file href="scormcontent/static/web-fonts-with-css/webfonts/fa-solid-900.woff2" />
    </resource>
  </resources>
</manifest>